query,category
How to implement binary search in C++?,0
Fix seg fault in Java code,0
How to implement binary search in JavaScript?,0
How to implement binary search in Python?,0
Fix syntax error in Java code,0
Debugging Python memory leaks,0
Debugging Java memory leaks,0
Debugging JavaScript memory leaks,0
Fix syntax error in JavaScript code,0
Best practices for Django development,0
Fix null pointer in JavaScript code,0
Best practices for Django development,0
Fix seg fault in C++ code,0
How to implement A* algorithm in Python?,0
Best practices for React development,0
Debugging C++ memory leaks,0
How to implement A* algorithm in Python?,0
Tutorial on OAuth2 authentication,0
Debugging C++ memory leaks,0
Debugging C++ memory leaks,0
Debugging Java memory leaks,0
How to implement binary search in Java?,0
Best practices for Django development,0
Fix null pointer in Python code,0
Best practices for React development,0
Best practices for Django development,0
Best practices for React development,0
Fix syntax error in C++ code,0
How to implement quicksort in Java?,0
Fix null pointer in JavaScript code,0
Best practices for Spring Boot development,0
Debugging Java memory leaks,0
Best practices for Django development,0
Fix null pointer in Python code,0
Tutorial on JWT authentication,0
How to implement quicksort in C++?,0
Fix null pointer in JavaScript code,0
Tutorial on OAuth2 authentication,0
Best practices for Django development,0
Fix syntax error in C++ code,0
Debugging JavaScript memory leaks,0
Debugging JavaScript memory leaks,0
Best practices for Django development,0
Fix seg fault in JavaScript code,0
How to implement binary search in Java?,0
Fix syntax error in JavaScript code,0
How to implement A* algorithm in JavaScript?,0
Debugging JavaScript memory leaks,0
Debugging C++ memory leaks,0
Debugging Python memory leaks,0
How to implement DFS in C++?,0
How to implement DFS in JavaScript?,0
Fix seg fault in JavaScript code,0
Best practices for Spring Boot development,0
Fix syntax error in Python code,0
Best practices for Spring Boot development,0
Debugging Java memory leaks,0
Fix seg fault in C++ code,0
Debugging Python memory leaks,0
Debugging C++ memory leaks,0
Tutorial on OAuth2 authentication,0
How to implement DFS in C++?,0
Fix seg fault in Python code,0
Debugging Python memory leaks,0
How to implement A* algorithm in Python?,0
Debugging Java memory leaks,0
Fix syntax error in JavaScript code,0
Fix syntax error in C++ code,0
Debugging JavaScript memory leaks,0
Fix syntax error in Java code,0
Best practices for React development,0
Best practices for React development,0
Debugging JavaScript memory leaks,0
How to implement quicksort in Java?,0
How to implement DFS in Python?,0
Debugging Java memory leaks,0
Debugging Java memory leaks,0
How to implement binary search in Python?,0
Fix seg fault in Python code,0
Best practices for Django development,0
Debugging Java memory leaks,0
Best practices for Spring Boot development,0
Tutorial on OAuth2 authentication,0
Debugging Java memory leaks,0
Debugging JavaScript memory leaks,0
Fix null pointer in JavaScript code,0
Fix seg fault in Python code,0
Tutorial on JWT authentication,0
Tutorial on JWT authentication,0
Tutorial on SSL authentication,0
How to implement binary search in Python?,0
Tutorial on SSL authentication,0
Best practices for Django development,0
Fix seg fault in Java code,0
Debugging JavaScript memory leaks,0
Fix seg fault in JavaScript code,0
Best practices for React development,0
Fix null pointer in Python code,0
Debugging Python memory leaks,0
How to implement binary search in Python?,0
Fix null pointer in Java code,0
Tutorial on JWT authentication,0
Fix seg fault in JavaScript code,0
Fix seg fault in JavaScript code,0
Tutorial on JWT authentication,0
Tutorial on JWT authentication,0
Tutorial on SSL authentication,0
Debugging JavaScript memory leaks,0
Fix null pointer in Java code,0
Fix syntax error in Python code,0
Debugging Python memory leaks,0
Best practices for Django development,0
How to implement A* algorithm in Java?,0
How to implement binary search in Java?,0
How to implement binary search in Java?,0
Tutorial on OAuth2 authentication,0
Debugging Java memory leaks,0
Debugging Python memory leaks,0
Debugging Python memory leaks,0
Tutorial on SSL authentication,0
Debugging C++ memory leaks,0
Best practices for Django development,0
Best practices for Django development,0
Best practices for React development,0
Fix null pointer in C++ code,0
Best practices for Django development,0
How to implement A* algorithm in Python?,0
How to implement quicksort in C++?,0
Fix seg fault in C++ code,0
Fix null pointer in C++ code,0
Fix syntax error in JavaScript code,0
Best practices for Spring Boot development,0
Debugging Python memory leaks,0
Debugging C++ memory leaks,0
How to implement quicksort in C++?,0
How to implement binary search in Java?,0
Best practices for React development,0
Debugging Java memory leaks,0
Best practices for Django development,0
Best practices for Spring Boot development,0
Tutorial on JWT authentication,0
How to implement binary search in JavaScript?,0
Best practices for Django development,0
How to implement DFS in Java?,0
Best practices for Django development,0
Tutorial on SSL authentication,0
Tutorial on SSL authentication,0
How to implement binary search in Python?,0
Fix null pointer in Python code,0
Debugging Java memory leaks,0
Tutorial on OAuth2 authentication,0
How to implement DFS in C++?,0
How to implement DFS in Java?,0
Fix null pointer in Python code,0
Debugging JavaScript memory leaks,0
Debugging Java memory leaks,0
Fix seg fault in Java code,0
Tutorial on OAuth2 authentication,0
Fix null pointer in C++ code,0
Fix seg fault in C++ code,0
How to implement A* algorithm in Python?,0
Tutorial on OAuth2 authentication,0
Fix null pointer in JavaScript code,0
Best practices for Django development,0
Fix syntax error in Python code,0
Fix null pointer in JavaScript code,0
Best practices for Django development,0
Best practices for React development,0
Debugging JavaScript memory leaks,0
Debugging C++ memory leaks,0
How to implement binary search in C++?,0
Fix seg fault in C++ code,0
How to implement A* algorithm in C++?,0
Best practices for React development,0
Debugging Python memory leaks,0
Tutorial on SSL authentication,0
Fix seg fault in C++ code,0
Tutorial on OAuth2 authentication,0
Debugging Java memory leaks,0
Best practices for React development,0
How to implement DFS in C++?,0
How to implement DFS in C++?,0
Tutorial on JWT authentication,0
Tutorial on SSL authentication,0
Best practices for Spring Boot development,0
Fix null pointer in Java code,0
Tutorial on SSL authentication,0
Fix null pointer in C++ code,0
Debugging Python memory leaks,0
Best practices for React development,0
Fix syntax error in JavaScript code,0
Debugging C++ memory leaks,0
Tutorial on JWT authentication,0
Tutorial on SSL authentication,0
Fix syntax error in JavaScript code,0
Fix null pointer in Python code,0
Debugging C++ memory leaks,0
How to implement quicksort in C++?,0
Fix seg fault in Java code,0
How to implement binary search in Java?,0
Tutorial on SSL authentication,0
How to implement A* algorithm in JavaScript?,0
Debugging Java memory leaks,0
Tutorial on JWT authentication,0
Tutorial on OAuth2 authentication,0
Fix seg fault in Python code,0
Tutorial on OAuth2 authentication,0
Fix seg fault in JavaScript code,0
Debugging Java memory leaks,0
How to implement A* algorithm in Java?,0
Tutorial on SSL authentication,0
Debugging C++ memory leaks,0
Tutorial on SSL authentication,0
Debugging JavaScript memory leaks,0
Debugging JavaScript memory leaks,0
Fix null pointer in JavaScript code,0
Best practices for Django development,0
Best practices for Spring Boot development,0
Tutorial on SSL authentication,0
Fix null pointer in C++ code,0
How to implement DFS in Java?,0
Best practices for React development,0
Best practices for Spring Boot development,0
How to implement quicksort in Java?,0
Fix syntax error in JavaScript code,0
Fix seg fault in Java code,0
Tutorial on JWT authentication,0
Best practices for Spring Boot development,0
Tutorial on JWT authentication,0
How to implement quicksort in JavaScript?,0
Tutorial on SSL authentication,0
How to implement A* algorithm in JavaScript?,0
How to implement DFS in C++?,0
Tutorial on JWT authentication,0
Debugging Java memory leaks,0
Tutorial on OAuth2 authentication,0
Best practices for React development,0
Tutorial on OAuth2 authentication,0
Tutorial on JWT authentication,0
Tutorial on SSL authentication,0
Fix seg fault in JavaScript code,0
Debugging Python memory leaks,0
Tutorial on SSL authentication,0
Debugging Python memory leaks,0
How to implement A* algorithm in Java?,0
Tutorial on OAuth2 authentication,0
How to implement DFS in JavaScript?,0
Best practices for Django development,0
Tutorial on JWT authentication,0
Best practices for React development,0
Best practices for React development,0
Best practices for Django development,0
Tutorial on OAuth2 authentication,0
Debugging Python memory leaks,0
Best practices for Django development,0
How to implement binary search in Python?,0
Fix seg fault in Java code,0
Debugging Java memory leaks,0
Fix null pointer in Java code,0
How to implement quicksort in JavaScript?,0
Best practices for React development,0
Fix seg fault in Python code,0
Best practices for Django development,0
Debugging Python memory leaks,0
Best practices for Spring Boot development,0
Tutorial on JWT authentication,0
Fix syntax error in Python code,0
Fix syntax error in Python code,0
Best practices for Spring Boot development,0
Debugging Python memory leaks,0
Debugging Python memory leaks,0
Best practices for Spring Boot development,0
Tutorial on SSL authentication,0
Best practices for Django development,0
Debugging C++ memory leaks,0
How to implement A* algorithm in JavaScript?,0
How to implement A* algorithm in C++?,0
Tutorial on SSL authentication,0
Fix seg fault in JavaScript code,0
Debugging C++ memory leaks,0
Debugging JavaScript memory leaks,0
Tutorial on JWT authentication,0
Debugging C++ memory leaks,0
Best practices for Django development,0
How to implement DFS in JavaScript?,0
Fix syntax error in JavaScript code,0
Debugging JavaScript memory leaks,0
Best practices for Django development,0
Tutorial on JWT authentication,0
Fix seg fault in JavaScript code,0
Best practices for React development,0
Best practices for React development,0
Debugging C++ memory leaks,0
Debugging Python memory leaks,0
Debugging Java memory leaks,0
How to implement quicksort in JavaScript?,0
Tutorial on SSL authentication,0
Fix syntax error in JavaScript code,0
Tutorial on JWT authentication,0
How to implement binary search in C++?,0
Fix syntax error in JavaScript code,0
Fix syntax error in C++ code,0
Debugging C++ memory leaks,0
Tutorial on SSL authentication,0
Debugging C++ memory leaks,0
Tutorial on SSL authentication,0
Debugging C++ memory leaks,0
Best practices for Spring Boot development,0
Tutorial on JWT authentication,0
Best practices for React development,0
Fix syntax error in Python code,0
Fix seg fault in C++ code,0
Debugging Java memory leaks,0
Fix syntax error in Java code,0
Tutorial on JWT authentication,0
Debugging C++ memory leaks,0
How to implement quicksort in C++?,0
Fix seg fault in C++ code,0
Best practices for Django development,0
Debugging Java memory leaks,0
Best practices for Django development,0
How to implement DFS in Java?,0
Tutorial on OAuth2 authentication,0
How to implement DFS in JavaScript?,0
Tutorial on JWT authentication,0
Best practices for Django development,0
How to implement DFS in JavaScript?,0
How to implement binary search in JavaScript?,0
Tutorial on OAuth2 authentication,0
Debugging Python memory leaks,0
Fix syntax error in Java code,0
Best practices for Django development,0
Fix syntax error in Python code,0
Tutorial on SSL authentication,0
Debugging Java memory leaks,0
Debugging JavaScript memory leaks,0
Tutorial on JWT authentication,0
Best practices for Spring Boot development,0
Tutorial on JWT authentication,0
Debugging Python memory leaks,0
Debugging Python memory leaks,0
Fix null pointer in Java code,0
How to implement quicksort in Java?,0
Fix seg fault in Python code,0
How to implement A* algorithm in JavaScript?,0
Debugging JavaScript memory leaks,0
Best practices for Django development,0
Fix syntax error in C++ code,0
Best practices for Spring Boot development,0
Tutorial on OAuth2 authentication,0
Fix syntax error in C++ code,0
Debugging Java memory leaks,0
Tutorial on OAuth2 authentication,0
Debugging Java memory leaks,0
Fix seg fault in C++ code,0
How to implement binary search in Java?,0
Best practices for Spring Boot development,0
Debugging C++ memory leaks,0
Tutorial on OAuth2 authentication,0
Tutorial on SSL authentication,0
Best practices for Spring Boot development,0
Tutorial on JWT authentication,0
Debugging JavaScript memory leaks,0
Tutorial on OAuth2 authentication,0
Debugging Python memory leaks,0
Tutorial on SSL authentication,0
Best practices for Spring Boot development,0
Best practices for Django development,0
How to implement quicksort in Python?,0
Best practices for Spring Boot development,0
How to implement quicksort in JavaScript?,0
Debugging JavaScript memory leaks,0
Best practices for Django development,0
Debugging JavaScript memory leaks,0
Tutorial on OAuth2 authentication,0
Tutorial on JWT authentication,0
Tutorial on JWT authentication,0
Best practices for Spring Boot development,0
How to implement quicksort in C++?,0
Tutorial on SSL authentication,0
Tutorial on JWT authentication,0
Tutorial on SSL authentication,0
How to implement A* algorithm in Python?,0
Best practices for React development,0
Best practices for Django development,0
Tutorial on SSL authentication,0
How to implement A* algorithm in JavaScript?,0
How to implement quicksort in C++?,0
Debugging JavaScript memory leaks,0
Tutorial on OAuth2 authentication,0
Fix syntax error in C++ code,0
Fix null pointer in C++ code,0
Tutorial on OAuth2 authentication,0
How to implement quicksort in Java?,0
Best practices for Spring Boot development,0
How to implement A* algorithm in Python?,0
Fix null pointer in Python code,0
How to implement quicksort in JavaScript?,0
Best practices for Spring Boot development,0
Best practices for React development,0
Tutorial on JWT authentication,0
Fix syntax error in JavaScript code,0
Fix seg fault in JavaScript code,0
Debugging Java memory leaks,0
How to implement DFS in JavaScript?,0
Best practices for Spring Boot development,0
Best practices for Django development,0
Best practices for Spring Boot development,0
Best practices for Spring Boot development,0
Debugging JavaScript memory leaks,0
Fix syntax error in JavaScript code,0
Tutorial on JWT authentication,0
Best practices for Spring Boot development,0
Debugging JavaScript memory leaks,0
Tutorial on JWT authentication,0
Fix syntax error in Java code,0
Tutorial on OAuth2 authentication,0
Tutorial on OAuth2 authentication,0
Best practices for Spring Boot development,0
Tutorial on SSL authentication,0
Tutorial on JWT authentication,0
Fix seg fault in JavaScript code,0
Fix seg fault in C++ code,0
Tutorial on OAuth2 authentication,0
Debugging JavaScript memory leaks,0
How to implement quicksort in JavaScript?,0
Fix null pointer in Python code,0
Best practices for React development,0
Debugging JavaScript memory leaks,0
How to implement DFS in JavaScript?,0
Best practices for Spring Boot development,0
Tutorial on SSL authentication,0
How to implement binary search in Java?,0
Best practices for Django development,0
How to implement A* algorithm in Python?,0
How to implement A* algorithm in Java?,0
Best practices for Django development,0
How to implement DFS in Python?,0
Best practices for React development,0
Best practices for React development,0
Fix syntax error in Java code,0
Tutorial on SSL authentication,0
Fix seg fault in Java code,0
How to implement A* algorithm in Java?,0
Tutorial on SSL authentication,0
Fix null pointer in Java code,0
Best practices for React development,0
Best practices for Spring Boot development,0
How to implement A* algorithm in C++?,0
Debugging Java memory leaks,0
How to implement A* algorithm in C++?,0
Debugging C++ memory leaks,0
Tutorial on SSL authentication,0
Best practices for React development,0
Best practices for Django development,0
Tutorial on JWT authentication,0
How to implement quicksort in JavaScript?,0
Debugging C++ memory leaks,0
Debugging C++ memory leaks,0
Best practices for Django development,0
Tutorial on JWT authentication,0
How to implement binary search in JavaScript?,0
Best practices for Django development,0
Debugging C++ memory leaks,0
Fix syntax error in Java code,0
Best practices for Spring Boot development,0
Fix syntax error in Python code,0
How to implement DFS in JavaScript?,0
How to implement DFS in Java?,0
How to implement DFS in C++?,0
Tutorial on OAuth2 authentication,0
Fix syntax error in Java code,0
Best practices for Spring Boot development,0
Debugging C++ memory leaks,0
Fix null pointer in C++ code,0
Best practices for Spring Boot development,0
Best practices for Django development,0
Tutorial on OAuth2 authentication,0
Fix syntax error in Java code,0
Tutorial on SSL authentication,0
Best practices for Django development,0
Tutorial on OAuth2 authentication,0
Best practices for Spring Boot development,0
How to implement A* algorithm in C++?,0
Best practices for Spring Boot development,0
Tutorial on SSL authentication,0
Best practices for Django development,0
Fix seg fault in JavaScript code,0
Debugging C++ memory leaks,0
Debugging Java memory leaks,0
How to implement A* algorithm in C++?,0
Tutorial on OAuth2 authentication,0
Fix seg fault in Python code,0
Best practices for React development,0
How to implement binary search in Java?,0
Debugging Java memory leaks,0
Tutorial on JWT authentication,0
Best practices for Spring Boot development,0
Debugging JavaScript memory leaks,0
Debugging Java memory leaks,0
How does digestion work?,1
Why does tides occur?,1
Scientific explanation of black holes,1
What causes earthquakes?,1
What causes earthquakes?,1
How does nuclear fission work?,1
Explain relativity,1
Why does aurora borealis occur?,1
What causes tornadoes?,1
What causes earthquakes?,1
How does nuclear fission work?,1
Explain quantum entanglement,1
How does photosynthesis work?,1
Explain evolution,1
Scientific explanation of climate change,1
Why does tides occur?,1
Explain quantum entanglement,1
Scientific explanation of climate change,1
Why does aurora borealis occur?,1
Explain evolution,1
Explain quantum entanglement,1
What causes earthquakes?,1
Scientific explanation of climate change,1
What causes earthquakes?,1
Explain evolution,1
What causes earthquakes?,1
Why does aurora borealis occur?,1
Why does gravity occur?,1
Why does tides occur?,1
Explain evolution,1
What causes earthquakes?,1
Explain relativity,1
Why does gravity occur?,1
How does digestion work?,1
Why does aurora borealis occur?,1
Why does tides occur?,1
How does nuclear fission work?,1
Scientific explanation of sleep patterns,1
Why does tides occur?,1
Scientific explanation of climate change,1
Scientific explanation of climate change,1
Scientific explanation of black holes,1
How does digestion work?,1
Why does gravity occur?,1
How does nuclear fission work?,1
How does digestion work?,1
Why does tides occur?,1
How does photosynthesis work?,1
Why does tides occur?,1
Scientific explanation of climate change,1
Why does gravity occur?,1
What causes tornadoes?,1
Scientific explanation of sleep patterns,1
What causes volcanic eruptions?,1
Scientific explanation of sleep patterns,1
What causes volcanic eruptions?,1
Scientific explanation of sleep patterns,1
How does photosynthesis work?,1
Why does aurora borealis occur?,1
Scientific explanation of sleep patterns,1
Explain relativity,1
How does photosynthesis work?,1
How does nuclear fission work?,1
How does nuclear fission work?,1
How does digestion work?,1
Why does tides occur?,1
How does nuclear fission work?,1
What causes volcanic eruptions?,1
Explain evolution,1
How does photosynthesis work?,1
Why does gravity occur?,1
Why does tides occur?,1
Why does aurora borealis occur?,1
What causes earthquakes?,1
Scientific explanation of climate change,1
Scientific explanation of sleep patterns,1
Scientific explanation of black holes,1
Why does tides occur?,1
What causes tornadoes?,1
How does digestion work?,1
Why does tides occur?,1
Scientific explanation of black holes,1
What causes earthquakes?,1
Scientific explanation of sleep patterns,1
Explain quantum entanglement,1
How does photosynthesis work?,1
Why does tides occur?,1
Scientific explanation of black holes,1
Why does tides occur?,1
Scientific explanation of climate change,1
How does digestion work?,1
Scientific explanation of sleep patterns,1
Scientific explanation of climate change,1
Scientific explanation of sleep patterns,1
What causes earthquakes?,1
Explain relativity,1
What causes volcanic eruptions?,1
What causes earthquakes?,1
Explain quantum entanglement,1
Scientific explanation of sleep patterns,1
How does photosynthesis work?,1
Explain evolution,1
Why does gravity occur?,1
Scientific explanation of climate change,1
How does nuclear fission work?,1
How does nuclear fission work?,1
Explain relativity,1
What causes tornadoes?,1
What causes tornadoes?,1
Scientific explanation of climate change,1
Why does gravity occur?,1
Explain evolution,1
Why does aurora borealis occur?,1
Why does tides occur?,1
How does digestion work?,1
How does nuclear fission work?,1
Scientific explanation of black holes,1
How does nuclear fission work?,1
Explain evolution,1
Why does tides occur?,1
How does photosynthesis work?,1
What causes tornadoes?,1
Scientific explanation of black holes,1
Scientific explanation of sleep patterns,1
What causes earthquakes?,1
Explain relativity,1
Scientific explanation of climate change,1
Why does gravity occur?,1
What causes earthquakes?,1
Explain relativity,1
What causes volcanic eruptions?,1
Why does gravity occur?,1
How does digestion work?,1
How does photosynthesis work?,1
Explain relativity,1
Scientific explanation of sleep patterns,1
Explain evolution,1
Scientific explanation of sleep patterns,1
What causes earthquakes?,1
How does digestion work?,1
Why does tides occur?,1
Why does tides occur?,1
Why does tides occur?,1
Scientific explanation of black holes,1
Scientific explanation of black holes,1
How does nuclear fission work?,1
Why does tides occur?,1
Why does tides occur?,1
Explain evolution,1
How does digestion work?,1
What causes earthquakes?,1
How does photosynthesis work?,1
Explain relativity,1
Scientific explanation of black holes,1
Scientific explanation of climate change,1
How does nuclear fission work?,1
What causes earthquakes?,1
What causes earthquakes?,1
Why does aurora borealis occur?,1
Why does aurora borealis occur?,1
Scientific explanation of climate change,1
What causes volcanic eruptions?,1
Explain quantum entanglement,1
Why does gravity occur?,1
What causes earthquakes?,1
Explain evolution,1
Explain evolution,1
Why does gravity occur?,1
How does nuclear fission work?,1
Scientific explanation of sleep patterns,1
How does digestion work?,1
Scientific explanation of sleep patterns,1
Scientific explanation of black holes,1
What causes earthquakes?,1
How does photosynthesis work?,1
How does nuclear fission work?,1
What causes volcanic eruptions?,1
Scientific explanation of climate change,1
What causes tornadoes?,1
Why does tides occur?,1
How does nuclear fission work?,1
Why does gravity occur?,1
What causes volcanic eruptions?,1
Why does aurora borealis occur?,1
Why does aurora borealis occur?,1
Scientific explanation of sleep patterns,1
How does nuclear fission work?,1
Scientific explanation of sleep patterns,1
Why does tides occur?,1
Scientific explanation of sleep patterns,1
Explain relativity,1
Scientific explanation of black holes,1
Scientific explanation of climate change,1
Why does tides occur?,1
Why does tides occur?,1
Why does aurora borealis occur?,1
Explain quantum entanglement,1
Explain evolution,1
How does nuclear fission work?,1
Scientific explanation of sleep patterns,1
Scientific explanation of climate change,1
What causes volcanic eruptions?,1
What causes volcanic eruptions?,1
How does nuclear fission work?,1
Scientific explanation of climate change,1
What causes earthquakes?,1
What causes earthquakes?,1
Scientific explanation of sleep patterns,1
How does nuclear fission work?,1
What causes tornadoes?,1
Scientific explanation of climate change,1
What causes earthquakes?,1
Scientific explanation of sleep patterns,1
Explain relativity,1
What causes tornadoes?,1
How does photosynthesis work?,1
Scientific explanation of sleep patterns,1
Why does tides occur?,1
Scientific explanation of black holes,1
What causes earthquakes?,1
Scientific explanation of climate change,1
How does digestion work?,1
What causes earthquakes?,1
What causes volcanic eruptions?,1
Explain quantum entanglement,1
What causes volcanic eruptions?,1
Explain quantum entanglement,1
Explain quantum entanglement,1
Why does tides occur?,1
Why does aurora borealis occur?,1
Scientific explanation of sleep patterns,1
Scientific explanation of climate change,1
What causes tornadoes?,1
Explain evolution,1
How does photosynthesis work?,1
Explain quantum entanglement,1
Scientific explanation of climate change,1
How does photosynthesis work?,1
How does nuclear fission work?,1
Explain relativity,1
Scientific explanation of black holes,1
How does photosynthesis work?,1
Scientific explanation of climate change,1
What causes volcanic eruptions?,1
Explain relativity,1
Scientific explanation of black holes,1
How does nuclear fission work?,1
How does digestion work?,1
Scientific explanation of black holes,1
Explain quantum entanglement,1
Scientific explanation of climate change,1
What causes earthquakes?,1
How does nuclear fission work?,1
Scientific explanation of climate change,1
Scientific explanation of climate change,1
What causes earthquakes?,1
Explain relativity,1
How does digestion work?,1
Explain relativity,1
Why does gravity occur?,1
How does nuclear fission work?,1
Why does tides occur?,1
Why does tides occur?,1
Scientific explanation of black holes,1
Explain relativity,1
Why does tides occur?,1
Explain quantum entanglement,1
What causes earthquakes?,1
What causes earthquakes?,1
Explain quantum entanglement,1
What causes volcanic eruptions?,1
Explain evolution,1
How does nuclear fission work?,1
Scientific explanation of climate change,1
Why does gravity occur?,1
What causes earthquakes?,1
Explain evolution,1
Scientific explanation of sleep patterns,1
How does photosynthesis work?,1
What causes earthquakes?,1
What causes earthquakes?,1
Why does gravity occur?,1
How does digestion work?,1
Scientific explanation of black holes,1
Why does gravity occur?,1
How does digestion work?,1
Scientific explanation of climate change,1
Scientific explanation of sleep patterns,1
Explain evolution,1
Explain relativity,1
How does photosynthesis work?,1
Scientific explanation of black holes,1
Explain evolution,1
How does photosynthesis work?,1
Why does aurora borealis occur?,1
What causes earthquakes?,1
Scientific explanation of sleep patterns,1
Scientific explanation of sleep patterns,1
Scientific explanation of climate change,1
How does nuclear fission work?,1
Why does aurora borealis occur?,1
How does nuclear fission work?,1
What causes tornadoes?,1
Why does tides occur?,1
Why does tides occur?,1
Explain evolution,1
Why does aurora borealis occur?,1
What causes earthquakes?,1
Why does tides occur?,1
Scientific explanation of black holes,1
Explain evolution,1
How does digestion work?,1
How does digestion work?,1
Explain quantum entanglement,1
Why does aurora borealis occur?,1
How does photosynthesis work?,1
What causes earthquakes?,1
Why does gravity occur?,1
Why does tides occur?,1
What causes tornadoes?,1
How does digestion work?,1
How does nuclear fission work?,1
Why does aurora borealis occur?,1
Explain relativity,1
What causes earthquakes?,1
What causes volcanic eruptions?,1
Why does tides occur?,1
How does nuclear fission work?,1
How does nuclear fission work?,1
What causes earthquakes?,1
How does digestion work?,1
How does nuclear fission work?,1
Scientific explanation of black holes,1
Why does aurora borealis occur?,1
How does photosynthesis work?,1
How does digestion work?,1
Explain evolution,1
What causes volcanic eruptions?,1
Why does gravity occur?,1
What causes tornadoes?,1
What causes volcanic eruptions?,1
How does digestion work?,1
How does photosynthesis work?,1
How does nuclear fission work?,1
How does photosynthesis work?,1
What causes tornadoes?,1
How does nuclear fission work?,1
Why does gravity occur?,1
How does nuclear fission work?,1
Scientific explanation of sleep patterns,1
Explain quantum entanglement,1
Explain evolution,1
How does photosynthesis work?,1
Explain quantum entanglement,1
Explain evolution,1
What causes volcanic eruptions?,1
How does digestion work?,1
Why does aurora borealis occur?,1
Explain evolution,1
How does nuclear fission work?,1
What causes volcanic eruptions?,1
Why does aurora borealis occur?,1
Explain evolution,1
What causes volcanic eruptions?,1
What causes tornadoes?,1
What causes earthquakes?,1
Why does gravity occur?,1
Explain relativity,1
Scientific explanation of black holes,1
Scientific explanation of climate change,1
What causes volcanic eruptions?,1
How does photosynthesis work?,1
Scientific explanation of black holes,1
How does photosynthesis work?,1
Why does gravity occur?,1
Why does tides occur?,1
Explain evolution,1
How does photosynthesis work?,1
What causes tornadoes?,1
What causes tornadoes?,1
Why does aurora borealis occur?,1
Scientific explanation of black holes,1
What causes earthquakes?,1
Explain relativity,1
Scientific explanation of climate change,1
Why does gravity occur?,1
Explain quantum entanglement,1
How does photosynthesis work?,1
What causes tornadoes?,1
Scientific explanation of black holes,1
How does digestion work?,1
Explain evolution,1
Why does gravity occur?,1
What causes volcanic eruptions?,1
How does digestion work?,1
How does nuclear fission work?,1
Scientific explanation of climate change,1
Explain relativity,1
Why does tides occur?,1
How does digestion work?,1
Scientific explanation of black holes,1
Explain evolution,1
Scientific explanation of climate change,1
Explain relativity,1
Scientific explanation of climate change,1
Why does aurora borealis occur?,1
Explain relativity,1
Explain quantum entanglement,1
What causes tornadoes?,1
Explain relativity,1
Scientific explanation of black holes,1
Why does tides occur?,1
Explain evolution,1
Scientific explanation of black holes,1
Explain evolution,1
What causes tornadoes?,1
Scientific explanation of climate change,1
Scientific explanation of sleep patterns,1
Explain evolution,1
Scientific explanation of climate change,1
Explain evolution,1
Scientific explanation of sleep patterns,1
Scientific explanation of black holes,1
Scientific explanation of climate change,1
Why does gravity occur?,1
Why does aurora borealis occur?,1
Scientific explanation of black holes,1
Explain evolution,1
How does digestion work?,1
Why does tides occur?,1
Scientific explanation of black holes,1
What causes volcanic eruptions?,1
Explain evolution,1
How does nuclear fission work?,1
How does photosynthesis work?,1
Why does gravity occur?,1
How does nuclear fission work?,1
How does nuclear fission work?,1
Explain relativity,1
Scientific explanation of climate change,1
What causes tornadoes?,1
What causes tornadoes?,1
What causes volcanic eruptions?,1
Explain relativity,1
Scientific explanation of sleep patterns,1
Why does tides occur?,1
Explain relativity,1
Why does tides occur?,1
How does photosynthesis work?,1
Explain quantum entanglement,1
Why does tides occur?,1
How does digestion work?,1
How does photosynthesis work?,1
Explain relativity,1
Scientific explanation of sleep patterns,1
What causes earthquakes?,1
Explain relativity,1
Scientific explanation of black holes,1
How does nuclear fission work?,1
How does photosynthesis work?,1
Why does tides occur?,1
Scientific explanation of black holes,1
Explain quantum entanglement,1
Scientific explanation of black holes,1
Why does gravity occur?,1
What causes volcanic eruptions?,1
Scientific explanation of sleep patterns,1
How does nuclear fission work?,1
Scientific explanation of climate change,1
Why does tides occur?,1
Explain relativity,1
What causes volcanic eruptions?,1
What causes earthquakes?,1
How does photosynthesis work?,1
Scientific explanation of sleep patterns,1
Explain relativity,1
Scientific explanation of black holes,1
Why does tides occur?,1
Scientific explanation of black holes,1
Scientific explanation of black holes,1
Scientific explanation of sleep patterns,1
Scientific explanation of climate change,1
Explain quantum entanglement,1
How does nuclear fission work?,1
What causes tornadoes?,1
What causes earthquakes?,1
Explain evolution,1
Scientific explanation of black holes,1
Scientific explanation of climate change,1
Why does gravity occur?,1
Explain evolution,1
What causes volcanic eruptions?,1
Scientific explanation of black holes,1
Explain evolution,1
Scientific explanation of climate change,1
What causes tornadoes?,1
What causes earthquakes?,1
How does digestion work?,1
What causes tornadoes?,1
What causes tornadoes?,1
Difference between French and Portuguese,2
Pronunciation of goodbye in Spanish,2
Spanish grammar rules for subjunctive mood,2
Difference between French and Italian,2
Difference between French and Portuguese,2
Difference between Spanish and Italian,2
Difference between French and Italian,2
Difference between French and Italian,2
How to say Hello in Spanish?,2
How to say Hello in Mandarin?,2
Mandarin grammar rules for past tense,2
Pronunciation of goodbye in French,2
Difference between French and Italian,2
How to say Where is the bathroom? in French?,2
Difference between French and Portuguese,2
Difference between French and Portuguese,2
How to say Thank you in German?,2
Difference between French and Portuguese,2
Difference between French and Italian,2
How to say Thank you in German?,2
How to say Thank you in German?,2
How to say Where is the bathroom? in Mandarin?,2
Mandarin grammar rules for subjunctive mood,2
Difference between French and Portuguese,2
Translate 'Where is the bathroom?' to Mandarin,2
Pronunciation of hello in German,2
Spanish grammar rules for subjunctive mood,2
Translate 'Thank you' to Mandarin,2
Mandarin grammar rules for past tense,2
How to say Where is the bathroom? in German?,2
Difference between French and Italian,2
Translate 'Where is the bathroom?' to French,2
How to say Hello in French?,2
How to say Hello in Spanish?,2
Pronunciation of please in German,2
Pronunciation of please in Spanish,2
How to say Hello in French?,2
Pronunciation of goodbye in Mandarin,2
How to say Thank you in German?,2
Spanish grammar rules for past tense,2
Difference between Spanish and Italian,2
How to say Thank you in French?,2
Translate 'Thank you' to Mandarin,2
How to say Where is the bathroom? in German?,2
Translate 'Hello' to German,2
Difference between Spanish and Portuguese,2
Mandarin grammar rules for articles,2
Difference between French and Italian,2
Difference between French and Portuguese,2
How to say Hello in German?,2
How to say Where is the bathroom? in Mandarin?,2
French grammar rules for past tense,2
German grammar rules for articles,2
How to say Hello in Mandarin?,2
Pronunciation of hello in German,2
Pronunciation of hello in Spanish,2
How to say Thank you in German?,2
How to say Hello in German?,2
Pronunciation of goodbye in French,2
German grammar rules for subjunctive mood,2
Difference between Spanish and Portuguese,2
French grammar rules for past tense,2
Translate 'Thank you' to German,2
How to say Thank you in German?,2
Translate 'Where is the bathroom?' to German,2
French grammar rules for past tense,2
How to say Thank you in French?,2
Pronunciation of goodbye in German,2
Difference between French and Italian,2
How to say Where is the bathroom? in Spanish?,2
Difference between French and Portuguese,2
Translate 'Where is the bathroom?' to Spanish,2
Translate 'Where is the bathroom?' to French,2
Difference between Spanish and Italian,2
Mandarin grammar rules for past tense,2
How to say Where is the bathroom? in Mandarin?,2
Translate 'Where is the bathroom?' to Mandarin,2
Translate 'Thank you' to French,2
Difference between French and Portuguese,2
Difference between Spanish and Portuguese,2
Spanish grammar rules for subjunctive mood,2
Spanish grammar rules for articles,2
How to say Where is the bathroom? in Spanish?,2
Translate 'Thank you' to German,2
Translate 'Where is the bathroom?' to Spanish,2
Translate 'Thank you' to Spanish,2
Mandarin grammar rules for past tense,2
How to say Where is the bathroom? in Mandarin?,2
Mandarin grammar rules for subjunctive mood,2
Pronunciation of hello in Mandarin,2
Difference between Spanish and Portuguese,2
Translate 'Hello' to Mandarin,2
Difference between Spanish and Italian,2
Translate 'Hello' to German,2
Pronunciation of please in Mandarin,2
Pronunciation of hello in French,2
Pronunciation of hello in German,2
French grammar rules for articles,2
Translate 'Hello' to Mandarin,2
Difference between Spanish and Italian,2
How to say Hello in Spanish?,2
Difference between Spanish and Portuguese,2
Difference between Spanish and Italian,2
Translate 'Thank you' to Mandarin,2
How to say Where is the bathroom? in French?,2
Translate 'Hello' to German,2
How to say Where is the bathroom? in German?,2
Difference between French and Italian,2
French grammar rules for articles,2
Difference between Spanish and Portuguese,2
German grammar rules for past tense,2
Difference between Spanish and Portuguese,2
Difference between French and Italian,2
Mandarin grammar rules for articles,2
Mandarin grammar rules for subjunctive mood,2
How to say Thank you in Mandarin?,2
How to say Where is the bathroom? in Mandarin?,2
How to say Hello in German?,2
How to say Thank you in Spanish?,2
Difference between French and Portuguese,2
Difference between Spanish and Portuguese,2
How to say Thank you in French?,2
Spanish grammar rules for subjunctive mood,2
Spanish grammar rules for articles,2
How to say Hello in German?,2
Pronunciation of hello in Spanish,2
How to say Where is the bathroom? in French?,2
Pronunciation of goodbye in French,2
Spanish grammar rules for past tense,2
How to say Where is the bathroom? in Spanish?,2
Pronunciation of please in French,2
Difference between Spanish and Portuguese,2
How to say Where is the bathroom? in German?,2
Mandarin grammar rules for subjunctive mood,2
Difference between French and Portuguese,2
German grammar rules for articles,2
Pronunciation of hello in Mandarin,2
Pronunciation of hello in German,2
German grammar rules for subjunctive mood,2
Translate 'Where is the bathroom?' to French,2
How to say Hello in German?,2
Difference between French and Portuguese,2
How to say Hello in German?,2
How to say Thank you in French?,2
Pronunciation of goodbye in German,2
Pronunciation of goodbye in Mandarin,2
How to say Where is the bathroom? in German?,2
How to say Hello in Mandarin?,2
How to say Where is the bathroom? in Spanish?,2
Difference between Spanish and Italian,2
Translate 'Hello' to Mandarin,2
How to say Where is the bathroom? in French?,2
Translate 'Where is the bathroom?' to French,2
Translate 'Hello' to Mandarin,2
Spanish grammar rules for articles,2
Difference between French and Portuguese,2
Translate 'Hello' to Mandarin,2
Translate 'Hello' to German,2
Difference between French and Italian,2
Difference between French and Italian,2
Translate 'Hello' to French,2
How to say Hello in German?,2
German grammar rules for subjunctive mood,2
Translate 'Thank you' to Mandarin,2
Pronunciation of please in French,2
How to say Thank you in Spanish?,2
Translate 'Hello' to Mandarin,2
Pronunciation of please in Mandarin,2
Pronunciation of please in Spanish,2
Translate 'Where is the bathroom?' to French,2
Translate 'Thank you' to Mandarin,2
Spanish grammar rules for articles,2
Translate 'Hello' to French,2
Difference between French and Portuguese,2
Translate 'Hello' to German,2
Difference between Spanish and Italian,2
Spanish grammar rules for past tense,2
Difference between Spanish and Portuguese,2
Translate 'Thank you' to French,2
Difference between Spanish and Portuguese,2
Difference between French and Portuguese,2
How to say Where is the bathroom? in Spanish?,2
Difference between French and Italian,2
Translate 'Thank you' to French,2
Translate 'Thank you' to Mandarin,2
Spanish grammar rules for articles,2
Mandarin grammar rules for subjunctive mood,2
How to say Thank you in Mandarin?,2
Pronunciation of please in French,2
Difference between French and Italian,2
Difference between French and Italian,2
Translate 'Hello' to German,2
How to say Thank you in French?,2
Pronunciation of goodbye in German,2
Translate 'Hello' to Spanish,2
Mandarin grammar rules for subjunctive mood,2
Spanish grammar rules for past tense,2
Translate 'Hello' to Mandarin,2
Pronunciation of hello in Mandarin,2
Translate 'Hello' to German,2
Difference between Spanish and Portuguese,2
Pronunciation of goodbye in Spanish,2
Pronunciation of hello in Mandarin,2
Difference between Spanish and Italian,2
Pronunciation of hello in French,2
German grammar rules for subjunctive mood,2
Pronunciation of hello in French,2
How to say Thank you in German?,2
Pronunciation of goodbye in German,2
Translate 'Thank you' to German,2
How to say Where is the bathroom? in Mandarin?,2
Difference between Spanish and Portuguese,2
Translate 'Hello' to German,2
Translate 'Thank you' to German,2
Difference between French and Portuguese,2
Pronunciation of goodbye in German,2
Difference between Spanish and Portuguese,2
French grammar rules for subjunctive mood,2
French grammar rules for subjunctive mood,2
German grammar rules for articles,2
Pronunciation of goodbye in French,2
Pronunciation of goodbye in German,2
Spanish grammar rules for articles,2
How to say Where is the bathroom? in French?,2
Difference between Spanish and Portuguese,2
How to say Thank you in German?,2
Translate 'Thank you' to Mandarin,2
How to say Where is the bathroom? in German?,2
How to say Thank you in French?,2
Pronunciation of hello in Mandarin,2
Pronunciation of please in Mandarin,2
Pronunciation of please in Mandarin,2
Translate 'Thank you' to Spanish,2
Translate 'Hello' to German,2
How to say Where is the bathroom? in Spanish?,2
Difference between French and Portuguese,2
Pronunciation of hello in Spanish,2
Translate 'Thank you' to French,2
Difference between Spanish and Portuguese,2
Mandarin grammar rules for subjunctive mood,2
Difference between Spanish and Portuguese,2
Translate 'Thank you' to Spanish,2
Mandarin grammar rules for past tense,2
Translate 'Where is the bathroom?' to French,2
German grammar rules for subjunctive mood,2
Pronunciation of please in French,2
Pronunciation of goodbye in German,2
Translate 'Thank you' to Mandarin,2
Spanish grammar rules for subjunctive mood,2
Translate 'Where is the bathroom?' to Spanish,2
Translate 'Thank you' to Spanish,2
How to say Where is the bathroom? in French?,2
Difference between Spanish and Italian,2
Mandarin grammar rules for subjunctive mood,2
How to say Thank you in French?,2
How to say Where is the bathroom? in Mandarin?,2
Pronunciation of please in Spanish,2
Difference between Spanish and Portuguese,2
Difference between French and Portuguese,2
Translate 'Where is the bathroom?' to French,2
How to say Thank you in Spanish?,2
Difference between Spanish and Italian,2
German grammar rules for past tense,2
Pronunciation of goodbye in Spanish,2
Pronunciation of please in German,2
Pronunciation of please in Mandarin,2
Translate 'Thank you' to German,2
Pronunciation of please in French,2
Spanish grammar rules for articles,2
How to say Thank you in Spanish?,2
How to say Thank you in Spanish?,2
How to say Thank you in French?,2
Difference between French and Portuguese,2
Difference between Spanish and Portuguese,2
Pronunciation of goodbye in French,2
Difference between Spanish and Italian,2
Pronunciation of hello in German,2
How to say Thank you in Mandarin?,2
Difference between Spanish and Portuguese,2
Translate 'Thank you' to French,2
How to say Thank you in Mandarin?,2
Pronunciation of goodbye in Mandarin,2
Pronunciation of hello in Mandarin,2
Translate 'Where is the bathroom?' to Spanish,2
How to say Thank you in Spanish?,2
French grammar rules for articles,2
French grammar rules for subjunctive mood,2
Difference between French and Italian,2
Difference between Spanish and Portuguese,2
Difference between French and Italian,2
Pronunciation of goodbye in French,2
Translate 'Where is the bathroom?' to French,2
Spanish grammar rules for subjunctive mood,2
German grammar rules for past tense,2
Pronunciation of hello in Spanish,2
How to say Where is the bathroom? in German?,2
Difference between French and Italian,2
Difference between Spanish and Italian,2
How to say Hello in German?,2
Difference between French and Italian,2
German grammar rules for subjunctive mood,2
Difference between French and Italian,2
How to say Thank you in Spanish?,2
French grammar rules for articles,2
How to say Hello in French?,2
French grammar rules for articles,2
Pronunciation of hello in Mandarin,2
Difference between French and Portuguese,2
Pronunciation of hello in Mandarin,2
Translate 'Thank you' to German,2
Mandarin grammar rules for subjunctive mood,2
Spanish grammar rules for articles,2
Translate 'Where is the bathroom?' to Mandarin,2
Spanish grammar rules for articles,2
Pronunciation of goodbye in French,2
How to say Thank you in German?,2
German grammar rules for subjunctive mood,2
Difference between Spanish and Portuguese,2
Spanish grammar rules for past tense,2
Translate 'Where is the bathroom?' to Mandarin,2
Translate 'Hello' to French,2
Pronunciation of hello in Mandarin,2
Pronunciation of please in French,2
How to say Where is the bathroom? in German?,2
How to say Thank you in Spanish?,2
German grammar rules for past tense,2
French grammar rules for past tense,2
Pronunciation of please in German,2
How to say Thank you in Spanish?,2
Translate 'Hello' to French,2
Pronunciation of hello in Spanish,2
Difference between Spanish and Portuguese,2
Translate 'Hello' to German,2
Translate 'Thank you' to French,2
Pronunciation of hello in Spanish,2
Pronunciation of please in Spanish,2
Translate 'Hello' to German,2
German grammar rules for past tense,2
Pronunciation of please in French,2
How to say Hello in Spanish?,2
Difference between Spanish and Portuguese,2
French grammar rules for articles,2
How to say Thank you in Mandarin?,2
How to say Hello in Spanish?,2
How to say Hello in Mandarin?,2
Mandarin grammar rules for subjunctive mood,2
How to say Hello in German?,2
Translate 'Hello' to German,2
Translate 'Where is the bathroom?' to German,2
How to say Where is the bathroom? in French?,2
Pronunciation of please in German,2
Translate 'Hello' to Mandarin,2
Pronunciation of hello in Spanish,2
Pronunciation of please in Spanish,2
Translate 'Thank you' to German,2
How to say Thank you in Mandarin?,2
French grammar rules for subjunctive mood,2
Translate 'Hello' to Spanish,2
Translate 'Thank you' to French,2
Translate 'Hello' to Mandarin,2
Difference between French and Portuguese,2
Pronunciation of hello in Mandarin,2
Difference between Spanish and Portuguese,2
Translate 'Thank you' to Spanish,2
Difference between Spanish and Italian,2
Difference between French and Portuguese,2
Difference between Spanish and Portuguese,2
Pronunciation of hello in French,2
How to say Hello in Mandarin?,2
Translate 'Thank you' to Spanish,2
French grammar rules for past tense,2
Translate 'Where is the bathroom?' to French,2
Translate 'Hello' to Mandarin,2
German grammar rules for past tense,2
French grammar rules for articles,2
Spanish grammar rules for past tense,2
Mandarin grammar rules for subjunctive mood,2
Difference between Spanish and Portuguese,2
Difference between Spanish and Portuguese,2
Pronunciation of hello in German,2
Pronunciation of goodbye in French,2
How to say Thank you in Spanish?,2
Difference between Spanish and Italian,2
Difference between Spanish and Italian,2
Translate 'Hello' to Spanish,2
Pronunciation of goodbye in German,2
How to say Hello in Spanish?,2
Difference between French and Italian,2
French grammar rules for subjunctive mood,2
German grammar rules for past tense,2
Difference between French and Italian,2
Difference between Spanish and Italian,2
How to say Where is the bathroom? in Spanish?,2
Pronunciation of goodbye in Spanish,2
German grammar rules for subjunctive mood,2
Translate 'Where is the bathroom?' to Mandarin,2
Translate 'Thank you' to French,2
German grammar rules for articles,2
Difference between Spanish and Portuguese,2
Mandarin grammar rules for past tense,2
Difference between Spanish and Italian,2
Translate 'Thank you' to Spanish,2
How to say Where is the bathroom? in German?,2
Translate 'Thank you' to Spanish,2
Pronunciation of hello in German,2
How to say Where is the bathroom? in French?,2
Pronunciation of hello in Mandarin,2
How to say Where is the bathroom? in German?,2
Translate 'Hello' to French,2
Difference between French and Portuguese,2
Pronunciation of please in Spanish,2
Translate 'Where is the bathroom?' to French,2
Pronunciation of please in Spanish,2
Difference between Spanish and Portuguese,2
How to say Hello in German?,2
German grammar rules for subjunctive mood,2
German grammar rules for subjunctive mood,2
French grammar rules for past tense,2
How to say Hello in Spanish?,2
How to say Hello in French?,2
Pronunciation of goodbye in Mandarin,2
Pronunciation of please in Spanish,2
French grammar rules for subjunctive mood,2
Mandarin grammar rules for subjunctive mood,2
Translate 'Hello' to French,2
Spanish grammar rules for past tense,2
French grammar rules for past tense,2
How to say Thank you in Mandarin?,2
Difference between Spanish and Portuguese,2
French grammar rules for past tense,2
Pronunciation of please in Mandarin,2
Difference between Spanish and Italian,2
Pronunciation of hello in Spanish,2
Translate 'Hello' to Spanish,2
How to say Hello in French?,2
Pronunciation of please in German,2
Translate 'Where is the bathroom?' to German,2
Translate 'Hello' to Spanish,2
How to say Where is the bathroom? in Mandarin?,2
How to say Hello in German?,2
Translate 'Hello' to Mandarin,2
Translate 'Hello' to Mandarin,2
Pronunciation of hello in Mandarin,2
Pronunciation of hello in Mandarin,2
French grammar rules for past tense,2
German grammar rules for subjunctive mood,2
How to say Hello in French?,2
Mandarin grammar rules for subjunctive mood,2
Difference between French and Italian,2
Translate 'Thank you' to Mandarin,2
How to say Thank you in French?,2
Difference between Spanish and Italian,2
Pronunciation of goodbye in German,2
Difference between French and Portuguese,2
Difference between French and Portuguese,2
French grammar rules for past tense,2
French grammar rules for past tense,2
Spanish grammar rules for subjunctive mood,2
Difference between French and Italian,2
How to say Hello in French?,2
How to say Thank you in Spanish?,2
How to say Where is the bathroom? in Mandarin?,2
French grammar rules for past tense,2
How to say Where is the bathroom? in German?,2
Spanish grammar rules for articles,2
French grammar rules for articles,2
How to say Thank you in German?,2
How to say Thank you in Spanish?,2
Translate 'Hello' to French,2
Difference between Spanish and Italian,2
Difference between French and Italian,2
French grammar rules for past tense,2
French grammar rules for subjunctive mood,2
Translate 'Hello' to French,2
Difference between Spanish and Italian,2
Difference between French and Italian,2
Mandarin grammar rules for articles,2
Translate 'Thank you' to German,2
French grammar rules for past tense,2
Pronunciation of please in Mandarin,2
French grammar rules for articles,2
Difference between French and Italian,2
Difference between Spanish and Portuguese,2
German grammar rules for past tense,2
How to say Where is the bathroom? in Spanish?,2
Difference between French and Italian,2
How to say Where is the bathroom? in German?,2
Difference between Spanish and Italian,2
Pronunciation of goodbye in French,2
Translate 'Hello' to German,2
French grammar rules for articles,2
Translate 'Where is the bathroom?' to German,2
Pronunciation of goodbye in Spanish,2
How to say Hello in Spanish?,2
German grammar rules for past tense,2
Translate 'Hello' to Mandarin,2
Pronunciation of hello in Mandarin,2
Pronunciation of goodbye in Mandarin,2
Mandarin grammar rules for past tense,2
Pronunciation of hello in French,2
